"key";"source_en";"source_slot";"target";"note"
"10#1";"Hyde";"Hyde";"";""
"10#2";"Can't believe it's already been three months since I fought Paradox.⏎That went by in a flash. Time flies, I guess...";"Non riesco a credere che siano passati tre mesi da quando⏎ho affrontato il Paradosso. Sembra passato un istante.⏎Beh, il tempo vola...";"";""
"20#1";"Hyde";"Hyde";"";""
"20#2";"Tonight's main event is Linne's brother Kuon...⏎He thinks he's gonna whip out the Immortalize and destroy the world?⏎Not if me and Insulator have anything to say about it!";"Il pezzo grosso della serata è il fratello di Linne, Kuon...⏎Crede di poter distruggere il mondo con l'Immortalize?⏎Non se io e la Insulator possiamo dire la nostra!";"";""
"30#1";"Hyde";"Hyde";"";""
"30#2";"I'm not too crazy about handling this all by myself, but with Linne⏎disappearing again and Old Man Wald joining up with Kuon to honor⏎some promise or other, I don't have much of a choice.";"Non mi piace dover affrontare la cosa da solo, ma visto che Linne⏎è scomparsa di nuovo e il Vecchio Wald si è coalizzato con Kuon⏎per via di una qualche promessa, non ho tanta scelta.";"";""
"40#1";"Hyde";"Hyde";"";""
"40#2";"Licht Kreis is loaded with girls, so Harada wouldn't put me up there.⏎Plus all my classmates in the EFG don't need the headache...⏎Not to mention that psycho girl could ambush me at any time...";"Il Licht Kreis è pieno di ragazze, Harada non mi ci vorrebbe mai.⏎E non voglio dare problemi agli EFG... Per non parlare di quella⏎psicopatica che può saltarmi addosso da un momento all'altro.";"";""
"50#1";"Hyde";"Hyde";"";""
"50#2";"Which leaves me with the Night Blade... and dealing with that⏎loser Seth. Hard pass. That guy's so strong, it pisses me off.⏎The worst part is we'd manage to win just fine, too.";"Perciò resta la Lama della Notte... e quel perdente cronico⏎di Seth. No, grazie tante. Quello è così forte che mi fa incavolare.⏎E il peggio è che vinceremmo anche facile.";"";""
"60#1";"Hyde";"Hyde";"";""
"60#2";"Ahh, well. Once I'm in the Night, I'll be all alone either way.⏎Gotta bite the bullet and get on with it. At least this time⏎I'm not being left behind. I'm alone by my own free will!";"Ah, non importa. Tanto, nella Notte, sarò comunque solo.⏎Devo stringere i denti e mettermi al lavoro. Almeno, questa volta⏎non mi hanno abbandonato. Sono solo perché lo voglio io!";"";""
"70#1";"Hyde";"Hyde";"";""
"70#2";"This time, me and Insulator are gonna cut through all the stops!⏎Nobody but me can pull it off, right? Right? ...Right, Linne?";"Questa volta, io e la Insulator bruceremo tutte le tappe!⏎Nessuno può farcela tranne me, vero? Vero? Vero, Linne?";"";""
"80#1";"Hyde";"Hyde";"";""
"80#2";"Welp, it's about time...⏎...to finally put an end to this Night-time story.⏎It's been going on for too long anyway.";"Beh, è arrivata l'ora...⏎Metterò la parola fine a questa fiaba della buona Notte.⏎È anche troppo che va avanti.";"";""
